subject_id,time,Acidovorax,Acinetobacter,Aeromonas,Aliarcobacter,Aquabacterium_A,Bacteroides,Brachymonas,Brevefilum,Brevundimonas,Cloacibacterium,Comamonas,Competibacter_A,Enterobacter,Fermentibacter,Flavobacterium,Giesbergeria,Hydrogenophaga,JAGOYM01,Janthinobacterium,Kaistella,Lactococcus_A,Lenti-01,Microthrix,Moraxella_A,Neisseria,Novosphingobium,Ottowia,Paracoccus,Phocaeicola,Prevotella,Propionivibrio,Pseudomonas_E,Pseudoxanthomonas,Pseudoxanthomonas_A,Psychrobacter,Rubrivivax,Streptococcus,Telluria,Thauera,Thermomonas,Thiothrix,Tolumonas,Trichococcus,UBA1413
Budapest,69,0.02728622,0.0072176117,0.0026233946,0.0050141313,0.0019764598,0.0020395066,0.0075591397,0.0018750695,0.0027024667,0.0032337443,0.007818911,0.0019270764,0.0023281896,0.0018740804,0.003931806,0.003194462,0.0021391069,0.013262466,0.0025041723,0.0027166917,0.0020612818,0.0046549044,0.0019280226,0.002046947,0.0156771,0.00294927,0.025085865,0.0043715057,0.0020479658,0.0025073043,0.0054141316,0.0061298436,0.013460156,0.013095688,0.00294478,0.0020695222,0.0054068,0.0022197957,0.0125584975,0.009289326,0.0023942185,0.002020814,0.0051361793,0.0018730625
Budapest,70,0.022298992,0.006629823,0.0033406017,0.0050423425,0.002880655,0.0029256502,0.0068839276,0.002808653,0.0033921816,0.0037726602,0.0070606032,0.0028454887,0.0031287752,0.0028079147,0.0042763473,0.0037458385,0.002995447,0.011109414,0.0032553955,0.003404851,0.0029407884,0.004796803,0.002845702,0.002930231,0.01289133,0.0035629692,0.02050638,0.0045752013,0.0029313162,0.0032597866,0.005335848,0.0058602346,0.011198457,0.011008016,0.0035625172,0.0029464506,0.0053173536,0.0030524733,0.010607844,0.008121464,0.0031725005,0.0029117402,0.005138209,0.0028071678
Budapest,71,0.021640675,0.007087714,0.0035414791,0.005405128,0.0030248642,0.0030756902,0.0073560346,0.002943434,0.00359643,0.0040205372,0.00753187,0.0029850912,0.003303134,0.0029426396,0.004577879,0.003991494,0.0031538394,0.011522933,0.0034459832,0.0036120343,0.0030926114,0.005146007,0.0029850558,0.0030804717,0.013258794,0.003783739,0.020196367,0.0048952485,0.0030819152,0.0034520228,0.0057238666,0.0062866993,0.011637686,0.011506148,0.0037849175,0.0030988783,0.0056963665,0.0032178706,0.011116329,0.008610473,0.0033503447,0.0030596715,0.005512759,0.0029417838
Budapest,72,0.022043675,0.007282655,0.0038578976,0.005648801,0.003364089,0.0034126556,0.007546078,0.0032863482,0.00390911,0.0043161996,0.0077153975,0.0033261012,0.0036293361,0.003285599,0.004853528,0.004288707,0.0034869825,0.011701529,0.0037664045,0.003924784,0.003428705,0.0054021603,0.0033259047,0.003417004,0.01340265,0.004087191,0.020515222,0.0051548635,0.0034184847,0.0037728567,0.005958943,0.0065077012,0.011773982,0.0116547635,0.0040890416,0.0034346534,0.0059289327,0.003548081,0.011267858,0.008771744,0.003673526,0.003397177,0.0057552624,0.003284784
Budapest,73,0.02695572,0.009684023,0.0048777163,0.007427281,0.0041654026,0.0042354194,0.01003395,0.0040528765,0.0049581947,0.0055383462,0.010277478,0.0041105235,0.004551403,0.0040517906,0.0062948056,0.005497318,0.004344302,0.015406072,0.0047466643,0.004976985,0.004259101,0.007064618,0.0041109403,0.0042427736,0.017559256,0.0052207876,0.02540211,0.0067425473,0.0042443564,0.0047527635,0.00785171,0.008599964,0.015576212,0.015349612,0.0052195042,0.004267973,0.00782749,0.004432986,0.014859493,0.011703291,0.004619856,0.0042139473,0.007564785,0.0040506404
Budapest,74,0.02149214,0.006874417,0.0037759615,0.005379897,0.0033404846,0.003383182,0.007116158,0.0032722245,0.0038220119,0.0041830293,0.00727731,0.0033071241,0.0035743224,0.003271568,0.0046622264,0.004158367,0.0034487098,0.011126958,0.0036951196,0.003835488,0.0033973497,0.005155357,0.0033070534,0.0033870847,0.012738582,0.003980853,0.019820875,0.0049358127,0.0033883792,0.0037005737,0.005659911,0.0061592106,0.011153143,0.010996116,0.003981925,0.0034025812,0.005635876,0.0035025687,0.010624941,0.008270351,0.0036138278,0.0033696364,0.005474849,0.0032708263
Budapest,75,0.016831987,0.0062478036,0.0040990906,0.0052038,0.0038057938,0.003834223,0.006410347,0.003760029,0.004136039,0.0043784236,0.0065384796,0.0037835073,0.003965332,0.0037596042,0.0046987394,0.0043601617,0.0038794668,0.009253285,0.004044935,0.004142001,0.003844156,0.005033858,0.0037840041,0.0038377298,0.010490777,0.0042497283,0.015559947,0.004905732,0.0038381163,0.0040459894,0.0053900955,0.0057262294,0.009350486,0.009141646,0.00424706,0.0038478822,0.0053895875,0.0039160694,0.008869495,0.0072570425,0.0039959736,0.0038259132,0.005259294,0.0037591367
Budapest,77,0.018952062,0.0072099743,0.004396814,0.0058603147,0.00400488,0.0040427735,0.007412658,0.0039435523,0.0044500893,0.0047706747,0.007583472,0.0039750924,0.0042199465,0.003942973,0.0051892875,0.0047454135,0.0041041775,0.0107598165,0.00432497,0.004455899,0.0040563503,0.0056266645,0.003976132,0.0040480765,0.012367081,0.004605242,0.017797422,0.0054746857,0.004048283,0.0043243496,0.0060979286,0.006524463,0.0110397395,0.010749536,0.0045996374,0.0040615397,0.0061074626,0.004153437,0.010416298,0.008492748,0.0042635305,0.004032201,0.005925498,0.0039423676
Budapest,78,0.025833415,0.008945555,0.00461161,0.006895997,0.003979991,0.0040418888,0.009262782,0.003880453,0.0046853,0.0052007833,0.009492384,0.003931473,0.0043227924,0.0038794992,0.0058744433,0.0051636677,0.0041387617,0.014335353,0.00449535,0.004700789,0.004063001,0.0065642977,0.003932068,0.004048724,0.016370269,0.0049212975,0.02412782,0.0062832725,0.0040499466,0.0044998266,0.0072762645,0.007950727,0.014471188,0.014207846,0.0049187746,0.004070944,0.0072607785,0.004217449,0.013743652,0.0108153615,0.004385074,0.0040231687,0.0070163445,0.0038785082
Budapest,79,0.001022638,0.0007696324,0.0009914332,0.0008607153,0.0010319205,0.0010279419,0.00075982185,0.0010384961,0.0009852189,0.00095462194,0.00074758474,0.001035087,0.001009044,0.0010385339,0.00091779255,0.0009572683,0.0010212802,0.0006664216,0.0009985769,0.0009851314,0.0010264239,0.00088170357,0.0010349082,0.0010272504,0.00064125215,0.0009690148,0.00091096363,0.0008901451,0.0010272872,0.0009990435,0.00084420806,0.0008163294,0.0006369639,0.00066403346,0.00097009726,0.0010258781,0.0008404704,0.0010160434,0.0006692412,0.00070227194,0.0010039445,0.0010289357,0.00085756765,0.0010386079
Budapest,80,0.025982982,0.0073617017,0.00318007,0.005353504,0.00258715,0.0026453685,0.007685896,0.0024941482,0.003242965,0.0037334503,0.007898565,0.002541675,0.002905852,0.0024931768,0.004382372,0.0036998873,0.002734712,0.01283751,0.0030701023,0.003261184,0.002664659,0.0050485143,0.0025416117,0.0026507548,0.015047592,0.0034586892,0.024064232,0.0047528856,0.0026524311,0.0030772535,0.0057309316,0.006400777,0.0129867075,0.012817429,0.0034603209,0.0026718385,0.005697691,0.0028080472,0.012326337,0.009214114,0.0029597168,0.0026269455,0.005481043,0.0024921906
Budapest,81,0.011093027,0.0044501075,0.0021085737,0.0033614233,0.0017601724,0.00179407,0.0046074116,0.0017050961,0.0021556928,0.0024358977,0.0047406387,0.0017334349,0.0019520894,0.0017045871,0.0027956683,0.002413873,0.0018489691,0.0069428403,0.0020451187,0.0021606798,0.0018062128,0.0031649054,0.0017343371,0.0017988684,0.008030556,0.002291958,0.010738514,0.0030390106,0.0017989855,0.0020444603,0.0035569754,0.0039023033,0.007197904,0.0069957776,0.002286969,0.0018108801,0.00356594,0.0018928968,0.0067706387,0.0054274686,0.0019908845,0.001784635,0.0034144532,0.0017040761
Budapest,82,0.027032876,0.0075748493,0.0033353837,0.005532353,0.002739178,0.0027976292,0.007904818,0.0026457843,0.0033996003,0.0038934494,0.008123703,0.0026935155,0.0030598494,0.002644805,0.0045477995,0.0038593928,0.0028876034,0.013227925,0.0032247577,0.003417442,0.002817073,0.005221544,0.0026935562,0.0028031992,0.015495008,0.0036178962,0.02496636,0.0049252254,0.0028047874,0.003231571,0.0059143268,0.0065941154,0.013359638,0.013178054,0.0036189514,0.002824329,0.0058827093,0.0029613457,0.012671147,0.00947189,0.0031146873,0.0027792389,0.0056604743,0.0026438322
Budapest,83,0.0,0.0,0.0,0.0,0.0,0.0,0.0,0.0,0.0,0.0,0.0,0.0,0.0,0.0,0.0,0.0,0.0,0.0,0.0,0.0,0.0,0.0,0.0,0.0,0.0,0.0,0.0,0.0,0.0,0.0,0.0,0.0,0.0,0.0,0.0,0.0,0.0,0.0,0.0,0.0,0.0,0.0,0.0,0.0
Budapest,84,0.0,2.0777807e-05,0.00046980288,0.00022068247,0.00054481905,0.0005372735,0.0,0.0005568573,0.00046312343,0.00040306896,0.0,0.00055072084,0.00050457474,0.00055698026,0.0003257133,0.00040679518,0.0005260557,0.0,0.00048359763,0.00046029873,0.00053488,0.00025023613,0.00055083353,0.00053674076,0.0,0.00043774303,0.0,0.00028774608,0.0005364474,0.0004821606,0.00017918926,0.00010803342,0.0,0.0,0.00043698028,0.0005340073,0.00018594321,0.0005167946,0.0,0.0,0.0004984969,0.00053979363,0.00020485278,0.00055710785
Budapest,85,0.0,0.0,0.0,0.0,0.0,0.0,0.0,0.0,0.0,0.0,0.0,0.0,0.0,0.0,0.0,0.0,0.0,0.0,0.0,0.0,0.0,0.0,0.0,0.0,0.0,0.0,0.0,0.0,0.0,0.0,0.0,0.0,0.0,0.0,0.0,0.0,0.0,0.0,0.0,0.0,0.0,0.0,0.0,0.0
Budapest,86,0.028477404,0.011420063,0.0065581547,0.009142434,0.0058335094,0.0059048096,0.011773801,0.005718927,0.0066391127,0.007228815,0.012015962,0.0057776263,0.006225979,0.0057178102,0.00799717,0.0071873935,0.0060154637,0.017127497,0.0064248294,0.0066586724,0.005928844,0.008777421,0.005777959,0.0059121763,0.019280374,0.006904952,0.02701665,0.008447899,0.005913838,0.0064313747,0.00957279,0.010329962,0.01730754,0.01710565,0.0069042007,0.005937878,0.009545566,0.006105641,0.016616544,0.013444717,0.0062950132,0.005882848,0.009283026,0.0057166535
Budapest,87,0.0,0.0,0.0,0.0,0.0,0.0,0.0,0.0,0.0,0.0,0.0,0.0,0.0,0.0,0.0,0.0,0.0,0.0,0.0,0.0,0.0,0.0,0.0,0.0,0.0,0.0,0.0,0.0,0.0,0.0,0.0,0.0,0.0,0.0,0.0,0.0,0.0,0.0,0.0,0.0,0.0,0.0,0.0,0.0
Budapest,88,0.0,0.0,0.0,0.0,0.0,0.0,0.0,0.0,0.0,0.0,0.0,0.0,0.0,0.0,0.0,0.0,0.0,0.0,0.0,0.0,0.0,0.0,0.0,0.0,0.0,0.0,0.0,0.0,0.0,0.0,0.0,0.0,0.0,0.0,0.0,0.0,0.0,0.0,0.0,0.0,0.0,0.0,0.0,0.0
Budapest,89,0.0013066488,0.00011871359,0.0,0.0,0.0,0.0,0.00015499559,0.0,0.0,0.0,0.00017673976,0.0,0.0,0.0,0.0,0.0,0.0,0.00063088513,0.0,0.0,0.0,0.0,0.0,0.0,0.0008156607,0.0,0.0013038379,0.0,0.0,0.0,0.0,1.1382741e-05,0.00065447646,0.00065448135,0.0,0.0,0.0,0.0,0.00061216915,0.00031254056,0.0,0.0,0.0,0.0
Budapest,90,0.0,0.0,0.0,0.0,0.0,0.0,0.0,0.0,0.0,0.0,0.0,0.0,0.0,0.0,0.0,0.0,0.0,0.0,0.0,0.0,0.0,0.0,0.0,0.0,0.0,0.0,0.0,0.0,0.0,0.0,0.0,0.0,0.0,0.0,0.0,0.0,0.0,0.0,0.0,0.0,0.0,0.0,0.0,0.0
Bologna,69,0.109772086,0.026136946,0.0041082357,0.0072423457,0.012938399,0.00288023,0.0139531065,0.001892406,0.003833299,0.011844261,0.021744382,0.0019809487,0.002211981,0.0018783598,0.0061158263,0.01399816,0.0037944843,0.0037896973,0.014579751,0.004264667,0.0025832248,0.0026175375,0.0033759908,0.012753308,0.012390394,0.0033959611,0.031889766,0.0049827783,0.0037027686,0.0030234312,0.009033294,0.020143375,0.0055210018,0.011149814,0.0044091255,0.002148258,0.0059643225,0.0028852257,0.009841409,0.012347477,0.005785501,0.0024220017,0.0055147535,0.0019031498
Bologna,70,0.10604335,0.01950183,0.004218305,0.006393839,0.008930253,0.0034614399,0.011042301,0.0028187586,0.004036279,0.009728905,0.016382914,0.0028753176,0.0030255474,0.0028105718,0.00555157,0.010476424,0.0039819973,0.004034752,0.010389699,0.0043443884,0.0032944912,0.003279954,0.0036728224,0.010301387,0.00994394,0.0037308193,0.023640687,0.004754874,0.0039899424,0.003549223,0.0075225374,0.014177225,0.0052311965,0.008896364,0.004393708,0.0029794963,0.005608699,0.0034483522,0.007994171,0.009644147,0.005331062,0.0031627538,0.005154501,0.0028248373
Bologna,71,0.107064076,0.01883785,0.004443668,0.006750118,0.008591203,0.0036495074,0.01134467,0.0029541452,0.0042432956,0.010109324,0.01616518,0.0030153592,0.0031792664,0.0029454466,0.005841162,0.010549257,0.0041806996,0.004261394,0.00993377,0.004581644,0.0034813585,0.0034499068,0.003838917,0.010660293,0.010279814,0.003916092,0.022241322,0.0049810773,0.0042091105,0.0037429936,0.007859248,0.01349802,0.005540479,0.00919481,0.0046065925,0.003127604,0.0059597306,0.0036279603,0.0083001135,0.009894801,0.005615863,0.0033275795,0.0054376693,0.0029605099
Bologna,72,0.10516135,0.01869649,0.004636416,0.0068537546,0.008273616,0.0039287666,0.011299953,0.003295449,0.0044446066,0.010164493,0.016063962,0.0033505643,0.0035003787,0.0032880553,0.005938568,0.010308557,0.0043777693,0.004486976,0.009640716,0.0047726426,0.003793463,0.0037401207,0.004047526,0.010671178,0.010266463,0.004138953,0.022251405,0.005105515,0.0044348016,0.00401228,0.007859828,0.013144121,0.005701425,0.009127639,0.0047658533,0.0034507345,0.006143313,0.0038985703,0.008263172,0.009781501,0.0057305647,0.0036353525,0.005572959,0.003300793
Bologna,73,0.07803968,0.024859076,0.0062577715,0.009430857,0.013064798,0.005077727,0.015563164,0.004069352,0.0059746094,0.013840092,0.02169222,0.0041592643,0.0043970435,0.0040560346,0.00823618,0.014977608,0.0059066224,0.0059746313,0.014682448,0.006438301,0.0048114425,0.0047978815,0.005442718,0.014606944,0.014188213,0.0055179205,0.028567834,0.007063805,0.0058918362,0.0052168495,0.011023933,0.019254427,0.007750334,0.012888767,0.006516424,0.004326053,0.008274199,0.005061426,0.011689749,0.013878057,0.007917323,0.004612183,0.0076628206,0.0040793587
Bologna,74,0.10980363,0.018422212,0.0045085745,0.006526361,0.008355094,0.0038539711,0.010780422,0.0032805996,0.0043407045,0.009664236,0.015630769,0.0033304193,0.0034648818,0.003273774,0.005711378,0.0100157205,0.004280365,0.004359593,0.009783039,0.0046298597,0.003721871,0.0036855903,0.0039902586,0.010144111,0.009769199,0.004060421,0.022331877,0.004964106,0.0043222047,0.0039303973,0.0075032343,0.013216872,0.00546337,0.0087239,0.0046469076,0.0034209834,0.0058545554,0.0038311924,0.007897127,0.0093778875,0.0055157556,0.0035866073,0.0053594923,0.0032856495
Bologna,75,0.09655543,0.016194515,0.004774553,0.0062581063,0.009101091,0.004215865,0.009597067,0.0037676916,0.0046504512,0.008546151,0.013740523,0.003807527,0.0039116805,0.003761521,0.0057174615,0.009601677,0.004626921,0.004628574,0.010110112,0.0048519615,0.0040824306,0.00409531,0.004429309,0.008997828,0.008811649,0.004444215,0.01949976,0.0051865038,0.0045932154,0.0042800503,0.0071219993,0.013004266,0.005441045,0.008169193,0.004920423,0.0038824384,0.005658832,0.00421752,0.0075191916,0.00876677,0.0055584335,0.004007375,0.005429789,0.0037723905
Bologna,77,0.07665642,0.01948422,0.005429729,0.0074201813,0.011644266,0.0045987936,0.011736618,0.003955611,0.0052477093,0.010263548,0.01677803,0.0040139826,0.0041647563,0.0039458657,0.006729951,0.012019442,0.0052443044,0.0052103335,0.012445626,0.0055172043,0.004389138,0.004434417,0.004990385,0.010914746,0.010752815,0.00497857,0.022814868,0.0060149506,0.0051365467,0.004696005,0.008624986,0.01603313,0.0063042548,0.010045839,0.0056324257,0.004126643,0.0065387962,0.004613233,0.009206503,0.010853722,0.0065160003,0.0043017445,0.0063459966,0.0039631715
Bologna,78,0.08796259,0.024208404,0.0059096483,0.008799605,0.012955813,0.004814069,0.014600301,0.0038958308,0.005655179,0.012912663,0.020805318,0.003977786,0.004193515,0.0038833832,0.0077328174,0.014315907,0.00559983,0.0056373985,0.014528301,0.0060682623,0.0045599863,0.0045628166,0.005190041,0.013645597,0.013276618,0.0052404576,0.028467517,0.006675893,0.0055646948,0.0049425676,0.010323668,0.019061968,0.007250225,0.012110516,0.006165458,0.004130554,0.0077071437,0.0048057456,0.010976402,0.013088744,0.007436205,0.0043891063,0.0071946713,0.0039052204
Bologna,79,0.005464418,0.00035094493,0.00083317654,0.0006656775,6.8577705e-05,0.00094958046,0.00041631632,0.0010364845,0.00085135107,0.00054269144,0.00030243606,0.0010280416,0.0010076195,0.001038092,0.00069445395,0.00022809347,0.0008453643,0.00086916005,7.518008e-05,0.0008278736,0.0009873218,0.0009675056,0.0008680518,0.0004799473,0.00044764928,0.00088090403,0.0006051392,0.00074911537,0.00087847654,0.0009358444,0.0005376786,1.9732164e-05,0.0007642219,0.0004225506,0.0007966319,0.0010112149,0.0007721544,0.0009412193,0.00047088135,0.00035961042,0.0007179703,0.0009887225,0.000737919,0.0010351932
Bologna,80,0.093298174,0.02206113,0.004145357,0.0068721045,0.008558359,0.0032785616,0.012496862,0.0025051075,0.003919618,0.011018808,0.01859653,0.0025722964,0.0027536137,0.0024962316,0.005761452,0.011298933,0.003828409,0.00395268,0.010518944,0.0043199854,0.0031062576,0.003049371,0.0034159382,0.011683385,0.011181004,0.0035347908,0.026400022,0.004745408,0.0039028313,0.0033789321,0.008161469,0.015008528,0.005450939,0.009763393,0.004326123,0.0026935323,0.0059803473,0.0032458992,0.008668648,0.010595835,0.005495104,0.002919682,0.00529042,0.0025114983
Bologna,81,0.012332087,0.01247312,0.002999911,0.0046504512,0.007953237,0.002282419,0.007846743,0.001715803,0.0028402503,0.006755543,0.011022082,0.0017676295,0.001901591,0.0017071902,0.0040889354,0.008158624,0.0028395527,0.00281545,0.008375371,0.0030742963,0.0021018854,0.0021377439,0.002616522,0.0072514643,0.007166343,0.0026100837,0.013808293,0.003489049,0.0027454852,0.0023672977,0.0056039942,0.010805706,0.0037392569,0.0066912496,0.0031656385,0.0018676096,0.003927135,0.0022939132,0.0060643633,0.007291366,0.0039133634,0.0020226862,0.003777014,0.0017224248
Bologna,82,0.10005051,0.022906508,0.004385736,0.0071500097,0.009424392,0.0034625013,0.012933008,0.0026578656,0.0041570007,0.011372011,0.019258184,0.0027282117,0.002916306,0.0026480637,0.00605626,0.011921957,0.004073927,0.0041680615,0.011325797,0.0045552314,0.0032664395,0.0032301792,0.0036673928,0.012060881,0.011564499,0.0037646734,0.027480751,0.0050342474,0.00411908,0.0035694875,0.008520684,0.015906824,0.0056925444,0.01018337,0.004591424,0.0028562513,0.0062004663,0.0034377375,0.0090594515,0.011066977,0.005780395,0.0030884102,0.0055597494,0.0026650084
Bologna,83,0.0,0.0,0.0,0.0,0.0,0.0,0.0,0.0,0.0,0.0,0.0,0.0,0.0,0.0,0.0,0.0,0.0,0.0,0.0,0.0,0.0,0.0,0.0,0.0,0.0,0.0,3.7096674e-05,0.0,0.0,0.0,0.0,0.0,0.0,0.0,0.0,0.0,0.0,0.0,0.0,0.0,0.0,0.0,0.0,0.0
Bologna,84,0.0024758484,0.0,0.00038883835,0.00012507197,0.00017507002,0.00047070812,0.0,0.0005557602,0.00041450094,0.0,0.0,0.00054834224,0.00052756537,0.0005566627,0.00024020672,0.0,0.00042577926,0.00040135533,4.4113956e-05,0.0003702026,0.00048273802,0.00049756095,0.00047062524,0.0,0.0,0.0004540952,0.0,0.0003433181,0.00040801615,0.00046034437,5.4169446e-05,0.0,0.00024997164,0.0,0.00038073305,0.00053519756,0.00018161908,0.00047836825,3.7183054e-05,0.0,0.0002609361,0.0005096672,0.0002766382,0.0005551223
Bologna,85,0.009016022,0.0,0.0,0.0,0.0,0.0,0.0,0.0,0.0,0.0,0.0,0.0,0.0,0.0,0.0,0.0,0.0,0.0,0.0,0.0,0.0,0.0,0.0,0.0,0.0,0.0,0.0,0.0,0.0,0.0,0.0,0.0,0.0,0.0,0.0,0.0,0.0,0.0,0.0,0.0,0.0,0.0,0.0,0.0
Bologna,86,0.06322849,0.026374131,0.0079533495,0.011151276,0.0147844395,0.0067554666,0.017258026,0.0057358313,0.007659016,0.015540797,0.023290303,0.005826842,0.006068471,0.0057220915,0.009940852,0.016679859,0.007600574,0.0076710135,0.01613168,0.00812673,0.0064884983,0.0064724153,0.0071406784,0.01629877,0.01587675,0.0072077503,0.030038374,0.00874874,0.007575621,0.006898286,0.012737761,0.020735348,0.009455784,0.0145952515,0.008195526,0.005996648,0.009983823,0.00673684,0.013399952,0.015584482,0.009627415,0.0062847557,0.0093762595,0.005746131
Bologna,87,0.0020414102,0.0,0.0,0.0,0.0,0.0,0.0,0.0,0.0,0.0,0.0,0.0,0.0,0.0,0.0,0.0,0.0,0.0,0.0,0.0,0.0,0.0,0.0,0.0,0.0,0.0,0.0,0.0,0.0,0.0,0.0,0.0,0.0,0.0,0.0,0.0,0.0,0.0,0.0,0.0,0.0,0.0,0.0,0.0
Bologna,88,0.0,0.0,0.0,0.0,0.0,0.0,0.0,0.0,0.0,0.0,0.0,0.0,0.0,0.0,0.0,0.0,0.0,0.0,0.0,0.0,0.0,0.0,0.0,0.0,0.0,0.0,0.0,0.0,0.0,0.0,0.0,0.0,0.0,0.0,0.0,0.0,0.0,0.0,0.0,0.0,0.0,0.0,0.0,0.0
Bologna,89,0.0,0.0011175643,0.0,8.7615685e-05,0.0003621406,0.0,0.0006312183,0.0,0.0,0.00048212078,0.0010128801,0.0,0.0,0.0,0.0,0.0005612557,0.0,0.0,0.0003419465,0.0,0.0,0.0,0.0,0.00054866844,0.000509611,0.0,0.0011508071,0.0,0.0,0.0,0.00023775862,0.00066354696,0.0,0.00040273904,0.0,0.0,0.0,0.0,0.00029640424,0.00048723945,0.0,0.0,0.0,0.0
Bologna,90,0.010644022,0.0,0.0,0.0,0.0,0.0,0.0,0.0,0.0,0.0,0.0,0.0,0.0,0.0,0.0,0.0,0.0,0.0,0.0,0.0,0.0,0.0,0.0,0.0,0.0,0.0,0.0,0.0,0.0,0.0,0.0,0.0,0.0,0.0,0.0,0.0,0.0,0.0,0.0,0.0,0.0,0.0,0.0,0.0
Rotterdam,69,0.08760678,0.013300719,0.013832709,0.013207357,0.0023427685,0.0042639705,0.012375198,0.001879211,0.0029921397,0.010949554,0.00866992,0.0019703503,0.0030106478,0.0018767365,0.004785241,0.014018789,0.0035565891,0.0036701546,0.002214732,0.003344716,0.010908533,0.00430016,0.001878371,0.0024280143,0.004251071,0.011180427,0.012222305,0.0037436825,0.0061979345,0.011686539,0.016034165,0.009450484,0.003181228,0.010641212,0.0021894197,0.002022794,0.0033829971,0.002499089,0.00990298,0.007789374,0.01169646,0.011305504,0.01671855,0.0018733204
Rotterdam,70,0.08021089,0.01039713,0.010952102,0.010552561,0.0031110563,0.004364631,0.009824457,0.0028112691,0.0035299952,0.008752532,0.007245521,0.0028721925,0.0035563426,0.002809598,0.0046712193,0.011086652,0.003942719,0.00394525,0.0030313714,0.0037824896,0.008494846,0.0043861275,0.0028105944,0.0031703091,0.0043643247,0.008946002,0.00963221,0.0040077036,0.005595077,0.009057677,0.012460361,0.0077972542,0.0036630083,0.008400293,0.0030059032,0.0029054086,0.0037718292,0.0032188997,0.008154134,0.006723454,0.009267016,0.009296083,0.012293402,0.002807343
Rotterdam,71,0.073340155,0.010653645,0.011261707,0.010895457,0.0032714142,0.0046138167,0.010129279,0.0029462448,0.003722119,0.009031166,0.0075636636,0.0030135543,0.0037578123,0.0029444278,0.004921633,0.011400631,0.0041850796,0.0041545564,0.003187015,0.0040037706,0.008658155,0.004635142,0.0029455137,0.0033380364,0.0046187425,0.0091562085,0.009906581,0.004227346,0.005880477,0.0092295455,0.012665747,0.008130259,0.0038699887,0.008622316,0.0031552317,0.0030493375,0.003976578,0.0033913518,0.008507693,0.0070628338,0.009448489,0.009708568,0.0121378675,0.0029419737
Rotterdam,72,0.07577473,0.010514865,0.011176615,0.010829234,0.0035844455,0.0048096003,0.0100278435,0.0032887887,0.0039915256,0.008937979,0.007544555,0.0033511007,0.0040319264,0.0032871794,0.005075068,0.011315799,0.0044420925,0.0043709045,0.003508367,0.0042616683,0.008488853,0.00483361,0.0032881163,0.0036454303,0.004818305,0.00918007,0.009782722,0.0044461177,0.005958682,0.00905194,0.012534197,0.008097822,0.0041316077,0.008491926,0.0034737955,0.00338297,0.00421439,0.0036962675,0.008484975,0.0071210572,0.009454364,0.009709859,0.011845551,0.0032849265
Rotterdam,73,0.064675406,0.014800081,0.015458995,0.014946803,0.0045317067,0.0064630928,0.014058415,0.0040570414,0.005186202,0.012679055,0.010639732,0.004153314,0.005222856,0.0040544393,0.0069334293,0.015632017,0.0058121486,0.0058324886,0.004404287,0.005570544,0.012360723,0.0064992616,0.004056075,0.004622439,0.0064597046,0.012875602,0.013834406,0.0059250463,0.008295279,0.013098106,0.017279545,0.011396473,0.005389221,0.0122419,0.004366245,0.00420602,0.0055610137,0.004698708,0.011871515,0.009903759,0.013294819,0.013337674,0.017120356,0.004050892
Rotterdam,74,0.077823535,0.010095723,0.010667982,0.010331234,0.0035386477,0.00465852,0.009599524,0.0032744613,0.003910047,0.008575667,0.007234063,0.0033297034,0.0039450345,0.0032729502,0.004916195,0.01079577,0.0043060686,0.0042671044,0.0034719645,0.004150057,0.00825914,0.004674565,0.0032738233,0.0035965133,0.0046686986,0.00880223,0.009384033,0.004329058,0.0057471623,0.008790532,0.012044268,0.007743063,0.0040364265,0.0081991255,0.0034442425,0.0033586873,0.004124442,0.003639454,0.0080881305,0.006785736,0.009085463,0.009209216,0.011649776,0.003270967
Rotterdam,75,0.06170569,0.009237282,0.009511104,0.009183704,0.003971857,0.004849295,0.008768396,0.003761888,0.004265994,0.008069504,0.006936772,0.0038029621,0.004273506,0.0037607774,0.0050904537,0.009602973,0.0045247637,0.004575114,0.0039128913,0.0044266446,0.008051384,0.0048691873,0.0037614964,0.0040089944,0.0048413947,0.008270391,0.008696632,0.0046097897,0.0057508103,0.008434402,0.010632042,0.007318745,0.004351532,0.007917974,0.0039010856,0.0038265493,0.0044417856,0.0040420378,0.007543908,0.0065258415,0.008534336,0.008233193,0.011064442,0.0037592542
Rotterdam,77,0.056297258,0.011352772,0.011607668,0.011157509,0.0042523155,0.0054980507,0.010720186,0.003946279,0.004675717,0.009874513,0.008373038,0.004004537,0.004674007,0.0039447034,0.005859281,0.011735015,0.0050128056,0.005132566,0.004162426,0.0048875576,0.009927542,0.005533696,0.003945821,0.004299921,0.0054775486,0.010077712,0.010688458,0.005173185,0.006768102,0.010401389,0.012977828,0.0088751195,0.0047892006,0.009758291,0.004151632,0.0040391916,0.0049294857,0.0043474296,0.009150646,0.007805655,0.010425982,0.009929974,0.013702369,0.0039425073
Rotterdam,78,0.0693311,0.01395325,0.014503192,0.014001232,0.004315025,0.0060812905,0.013210442,0.0038842652,0.0049131643,0.011935847,0.009984156,0.0039707446,0.004941044,0.0038819306,0.006529341,0.014659515,0.0054652905,0.005516325,0.0041986327,0.0052546347,0.011764761,0.006112339,0.0038834396,0.004397028,0.0060757035,0.0121326465,0.013027877,0.005594226,0.007796548,0.012453169,0.01631581,0.010679834,0.0050947154,0.011583101,0.0041681286,0.0040189885,0.00526338,0.0044647423,0.01110201,0.009251619,0.012552494,0.012420826,0.016536202,0.0038787299
Rotterdam,79,0.0053877644,0.00036256993,0.00039826776,0.0004383088,0.0009945829,0.00083356607,0.00040728273,0.0010380729,0.00093601365,0.0004155354,0.00053883065,0.001030396,0.0009417706,0.0010383211,0.0007824504,0.0003994233,0.00090753986,0.00086978194,0.0010083884,0.00091599114,0.0003576954,0.000829817,0.0010381348,0.00098955,0.0008413105,0.00041509653,0.00038107252,0.0008681712,0.00068331906,0.0003450585,0.00036573247,0.00050846906,0.00092476886,0.00038860086,0.0010072363,0.0010252071,0.0009009561,0.0009834392,0.0005036425,0.00060292426,0.00038634776,0.0005122551,0.00015785173,0.0010385916
Rotterdam,80,0.08076034,0.011544135,0.012364737,0.011902285,0.0028586935,0.0043637855,0.010915451,0.0024971713,0.0033580207,0.009556259,0.007779535,0.0025725623,0.0034019973,0.002495135,0.004695663,0.012535636,0.003899365,0.003827866,0.0027640935,0.0036835286,0.009004689,0.004392514,0.0024962917,0.002930979,0.004367389,0.009805572,0.010621295,0.0039193835,0.005791194,0.009708914,0.014093988,0.008472946,0.003526271,0.009004757,0.0027235614,0.0026116732,0.0036296078,0.002993629,0.008952258,0.0072364192,0.010156361,0.010467542,0.013315151,0.002492401
Rotterdam,81,0.011690752,0.0076105413,0.007760217,0.00742659,0.0019803208,0.0030574282,0.007149069,0.0017075064,0.0023503897,0.0065495633,0.0053992514,0.0017596954,0.002348026,0.0017061676,0.0033612668,0.007850564,0.00264529,0.0027427878,0.001899244,0.00253495,0.0065927785,0.0030919749,0.0017071473,0.0020200207,0.003036881,0.0066790036,0.0071470533,0.0027799315,0.0041114143,0.006938929,0.008666941,0.0057908264,0.0024483649,0.0064785043,0.0018883804,0.0017903615,0.0025650607,0.0020635296,0.005999916,0.0049639884,0.006932766,0.006549511,0.009259497,0.0017041913
Rotterdam,82,0.085359946,0.012060091,0.012836579,0.012367327,0.0030234128,0.004592913,0.011388879,0.0026490106,0.003546516,0.010002321,0.0081638945,0.0027262594,0.003587366,0.002646909,0.004957794,0.013009669,0.004085688,0.0040524406,0.0029260637,0.0038745115,0.009551875,0.004616579,0.0026481368,0.0031003936,0.0045976024,0.010159912,0.011104621,0.004137741,0.0061076223,0.010268664,0.014672747,0.008863272,0.0037184441,0.009490648,0.0028896057,0.0027674793,0.0038435115,0.0031620539,0.009330459,0.0075397333,0.010532109,0.010842495,0.014047191,0.0026440546
Rotterdam,83,0.0,0.0,0.0,0.0,0.0,0.0,0.0,0.0,0.0,0.0,0.0,0.0,0.0,0.0,0.0,0.0,0.0,0.0,0.0,0.0,0.0,0.0,0.0,0.0,0.0,0.0,0.0,0.0,0.0,0.0,0.0,0.0,0.0,0.0,0.0,0.0,0.0,0.0,0.0,0.0,0.0,0.0,0.0,0.0
Rotterdam,84,0.0016935128,0.0,0.0,0.0,0.00051706564,0.00036175828,0.0,0.00055651646,0.00046417117,0.0,8.7250024e-05,0.00054762047,0.00045516808,0.00055677444,0.0003375616,0.0,0.00039749965,0.00042130705,0.00052598864,0.0004246151,5.649589e-05,0.00036043767,0.00055665337,0.0005073529,0.00035734382,0.0,0.0,0.0004096022,0.0002393024,6.6673383e-06,0.0,3.693998e-05,0.00044366717,4.9443915e-05,0.0005324008,0.0005434295,0.00043665245,0.00050058495,0.0,0.000116367824,0.0,0.0,0.0,0.0005570911
Rotterdam,85,0.0031659207,0.0,0.0,0.0,0.0,0.0,0.0,0.0,0.0,0.0,0.0,0.0,0.0,0.0,0.0,0.0,0.0,0.0,0.0,0.0,0.0,0.0,0.0,0.0,0.0,0.0,0.0,0.0,0.0,0.0,0.0,0.0,0.0,0.0,0.0,0.0,0.0,0.0,0.0,0.0,0.0,0.0,0.0,0.0
Rotterdam,86,0.05864186,0.016500281,0.017153272,0.01666241,0.0062017906,0.008152047,0.015763093,0.0057231095,0.0068632048,0.014362778,0.012347125,0.0058206553,0.0069038086,0.005720523,0.008625813,0.017332837,0.0074995905,0.0075152135,0.0060749557,0.007254244,0.014042801,0.008186076,0.0057221623,0.006296018,0.008154337,0.014475015,0.015530331,0.0076077823,0.0099984985,0.01478776,0.018982172,0.01310402,0.0070705777,0.01392589,0.006036129,0.005873913,0.0072456524,0.0063719507,0.013577867,0.011596703,0.014885055,0.015055766,0.01872322,0.005716902
Rotterdam,87,0.0,0.0,0.0,0.0,0.0,0.0,0.0,0.0,0.0,0.0,0.0,0.0,0.0,0.0,0.0,0.0,0.0,0.0,0.0,0.0,0.0,0.0,0.0,0.0,0.0,0.0,0.0,0.0,0.0,0.0,0.0,0.0,0.0,0.0,0.0,0.0,0.0,0.0,0.0,0.0,0.0,0.0,0.0,0.0
Rotterdam,88,0.0,0.0,0.0,0.0,0.0,0.0,0.0,0.0,0.0,0.0,0.0,0.0,0.0,0.0,0.0,0.0,0.0,0.0,0.0,0.0,0.0,0.0,0.0,0.0,0.0,0.0,0.0,0.0,0.0,0.0,0.0,0.0,0.0,0.0,0.0,0.0,0.0,0.0,0.0,0.0,0.0,0.0,0.0,0.0
Rotterdam,89,0.0,0.0005732374,0.00063111866,0.00060049957,0.0,0.0,0.00051367644,0.0,0.0,0.00037557236,0.00020419771,0.0,0.0,0.0,0.0,0.00065092137,0.0,0.0,0.0,0.0,0.00034123077,0.0,0.0,0.0,0.0,0.00033544144,0.0004869342,0.0,0.0,0.00041172758,0.00078188744,0.00027500757,0.0,0.00033427041,0.0,0.0,0.0,0.0,0.00031833118,0.00012268289,0.00036659325,0.0004609573,0.00066413893,0.0
Rotterdam,90,0.0054176142,0.0,0.0,0.0,0.0,0.0,0.0,0.0,0.0,0.0,0.0,0.0,0.0,0.0,0.0,0.0,0.0,0.0,0.0,0.0,0.0,0.0,0.0,0.0,0.0,0.0,0.0,0.0,0.0,0.0,0.0,0.0,0.0,0.0,0.0,0.0,0.0,0.0,0.0,0.0,0.0,0.0,0.0,0.0
